iceland:ice,iceland:ice,iceland:ice,iceland:ice,iceland:ice,iceland:ice,iceland:ice,iceland:ice,iceland:ice,iceland:ice,iceland:snow_t_l_ice,iceland:snow_t_m_ice,iceland:snow_t_m_ice,iceland:snow_t_m_ice,iceland:snow_t_m_ice,iceland:snow_t_m_ice,iceland:snow_t_m_ice,iceland:snow_t_m_ice,iceland:snow_t_m_ice,iceland:snow_t_m_ice,iceland:snow_t_m_ice,iceland:snow_t_r_ice
iceland:ice,iceland:ice,iceland:ice,iceland:snow_t_l_ice,iceland:snow_t_m_ice,iceland:snow_t_m_ice,iceland:snow_t_m_ice,iceland:snow_t_m_ice,iceland:snow_t_m_ice,iceland:snow_t_m_ice,iceland:ice_t_l_snow,iceland:snow,iceland:snow,iceland:snow,iceland:ice_b_r_snow,iceland:snow_b_m_ice,iceland:ice_b_l_snow,iceland:snow,iceland:ice_b_r_snow,iceland:snow_b_m_ice,iceland:ice_b_l_snow,iceland:snow_m_r_ice
iceland:ice,iceland:ice,iceland:ice,iceland:snow_m_l_ice,iceland:snow,iceland:snow_m_m_ice,iceland:snow,iceland:snow,iceland:snow,iceland:snow,iceland:snow,iceland:snow,iceland:snow,iceland:snow,iceland:snow_m_r_ice,iceland:snow_t_l_ice,iceland:ice_t_l_snow,iceland:snow,iceland:ice_t_r_snow,iceland:snow_t_r_ice,iceland:snow_m_l_ice,iceland:snow_m_r_ice
iceland:ice,iceland:ice,iceland:snow_t_l_ice,iceland:ice_t_l_snow,iceland:snow,iceland:snow,iceland:snow,iceland:snow,iceland:snow,iceland:snow,iceland:snow_m_m_ice,iceland:snow,iceland:snow,iceland:snow,iceland:snow_m_r_ice,iceland:snow_m_l_ice,iceland:snow_m_m_ice,iceland:snow,iceland:snow_m_m_ice,iceland:snow_m_r_ice,iceland:snow_m_l_ice,iceland:snow_m_r_ice
iceland:ice,iceland:ice,iceland:snow_m_l_ice,iceland:snow,iceland:snow_m_m_ice,iceland:snow,iceland:ice_b_r_snow,iceland:snow_b_m_ice,iceland:snow_b_m_ice,iceland:snow_b_m_ice,iceland:snow_b_m_ice,iceland:snow_b_m_ice,iceland:snow_b_m_ice,iceland:ice_b_l_snow,iceland:snow_m_r_ice,iceland:snow_m_l_ice,iceland:snow,iceland:snow,iceland:snow,iceland:snow_m_r_ice,iceland:snow_m_l_ice,iceland:snow_m_r_ice
iceland:ice,iceland:snow_t_l_ice,iceland:ice_t_l_snow,iceland:snow,iceland:snow,iceland:ice_b_r_snow,iceland:snow_b_r_ice,iceland:snow_t_l_ice,iceland:snow_t_m_ice,iceland:snow_t_m_ice,iceland:snow_t_m_ice,iceland:snow_t_m_ice,iceland:snow_t_r_ice,iceland:snow_m_l_ice,iceland:snow_m_r_ice,iceland:snow_m_l_ice,iceland:snow_m_m_ice,iceland:snow,iceland:snow_m_m_ice,iceland:snow_m_r_ice,iceland:snow_m_l_ice,iceland:snow_m_r_ice
iceland:ice,iceland:snow_m_l_ice,iceland:snow,iceland:snow,iceland:ice_b_r_snow,iceland:snow_b_r_ice,iceland:snow_t_l_ice,iceland:ice_t_l_snow,iceland:ice_b_r_snow,iceland:snow_b_m_ice,iceland:snow_b_m_ice,iceland:ice_b_l_snow,iceland:snow_m_r_ice,iceland:snow_m_l_ice,iceland:snow_m_r_ice,iceland:snow_b_l_ice,iceland:ice_b_l_snow,iceland:snow,iceland:ice_b_r_snow,iceland:snow_b_r_ice,iceland:snow_m_l_ice,iceland:snow_m_r_ice
iceland:snow_t_l_ice,iceland:ice_t_l_snow,iceland:snow,iceland:snow,iceland:snow_m_r_ice,iceland:ice,iceland:snow_m_l_ice,iceland:snow,iceland:snow_m_r_ice,iceland:ice,iceland:ice,iceland:snow_m_l_ice,iceland:snow_m_r_ice,iceland:snow_m_l_ice,iceland:ice_t_r_snow,iceland:snow_t_m_ice,iceland:ice_t_l_snow,iceland:snow,iceland:ice_t_r_snow,iceland:snow_t_m_ice,iceland:ice_t_l_snow,iceland:snow_m_r_ice
iceland:snow_m_l_ice,iceland:snow,iceland:snow,iceland:snow,iceland:snow_m_r_ice,iceland:ice,iceland:snow_m_l_ice,iceland:snow,iceland:ice_t_r_snow,iceland:snow_t_m_ice,iceland:snow_t_m_ice,iceland:ice_t_l_snow,iceland:snow_m_r_ice,iceland:snow_b_l_ice,iceland:snow_b_m_ice,iceland:snow_b_m_ice,iceland:ice_b_l_snow,iceland:snow,iceland:ice_b_r_snow,iceland:snow_b_m_ice,iceland:snow_b_m_ice,iceland:snow_b_r_ice
iceland:snow_m_l_ice,iceland:snow,iceland:snow_m_m_ice,iceland:snow,iceland:snow_m_r_ice,iceland:ice,iceland:snow_m_l_ice,iceland:ice_b_r_snow,iceland:snow_b_m_ice,iceland:snow_b_m_ice,iceland:ice_b_l_snow,iceland:snow,iceland:ice_t_r_snow,iceland:snow_t_m_ice,iceland:snow_t_m_ice,iceland:snow_t_m_ice,iceland:ice_t_l_snow,iceland:snow,iceland:ice_t_r_snow,iceland:snow_t_m_ice,iceland:snow_t_m_ice,iceland:snow_t_r_ice
iceland:snow_m_l_ice,iceland:snow,iceland:snow,iceland:snow,iceland:snow_m_r_ice,iceland:ice,iceland:snow_b_l_ice,iceland:snow_b_r_ice,iceland:snow_t_l_ice,iceland:snow_t_r_ice,iceland:snow_m_l_ice,iceland:snow,iceland:snow,iceland:snow,iceland:snow,iceland:snow,iceland:snow,iceland:snow,iceland:snow,iceland:ice_b_r_snow,iceland:ice_b_l_snow,iceland:snow_m_r_ice
iceland:snow_m_l_ice,iceland:snow,iceland:snow,iceland:snow,iceland:ice_t_r_snow,iceland:snow_t_m_ice,iceland:snow_t_m_ice,iceland:snow_t_m_ice,iceland:ice_t_l_snow,iceland:snow_m_r_ice,iceland:snow_m_l_ice,iceland:snow,iceland:snow,iceland:snow,iceland:ice_b_r_snow,iceland:snow_b_m_ice,iceland:snow_b_m_ice,iceland:snow_b_m_ice,iceland:snow_b_m_ice,iceland:snow_b_r_ice,iceland:snow_m_l_ice,iceland:snow_m_r_ice
iceland:snow_m_l_ice,iceland:snow,iceland:snow_m_m_ice,iceland:snow,iceland:snow,iceland:snow,iceland:snow,iceland:snow,iceland:snow,iceland:ice_t_r_snow,iceland:ice_t_l_snow,iceland:snow,iceland:snow,iceland:snow,iceland:snow_m_r_ice,iceland:ice,iceland:ice,iceland:ice,iceland:ice,iceland:ice,iceland:snow_m_l_ice,iceland:snow_m_r_ice
iceland:snow_b_l_ice,iceland:snow_b_m_ice,iceland:ice_b_l_snow,iceland:snow,iceland:snow,iceland:snow,iceland:snow,iceland:snow,iceland:snow,iceland:snow,iceland:snow,iceland:snow,iceland:snow,iceland:snow,iceland:ice_t_r_snow,iceland:snow_t_r_ice,iceland:ice,iceland:ice,iceland:ice,iceland:snow_t_l_ice,iceland:ice_t_l_snow,iceland:snow_m_r_ice
iceland:ice,iceland:ice,iceland:snow_m_l_ice,iceland:snow,iceland:snow,iceland:snow,iceland:snow_m_m_ice,iceland:snow,iceland:snow,iceland:ice_b_r_snow,iceland:ice_b_l_snow,iceland:snow,iceland:snow,iceland:snow,iceland:snow,iceland:snow_m_r_ice,iceland:ice,iceland:ice,iceland:snow_t_l_ice,iceland:ice_t_l_snow,iceland:ice_b_r_snow,iceland:snow_b_r_ice
iceland:ice,iceland:ice,iceland:snow_b_l_ice,iceland:snow_b_m_ice,iceland:snow_b_m_ice,iceland:ice_b_l_snow,iceland:snow,iceland:snow,iceland:snow,iceland:snow_m_r_ice,iceland:snow_m_l_ice,iceland:snow,iceland:snow,iceland:snow,iceland:snow,iceland:ice_t_r_snow,iceland:snow_t_m_ice,iceland:snow_t_m_ice,iceland:ice_t_l_snow,iceland:ice_b_r_snow,iceland:snow_b_r_ice,iceland:ice
iceland:ice,iceland:ice,iceland:ice,iceland:ice,iceland:ice,iceland:snow_b_l_ice,iceland:snow_b_m_ice,iceland:snow_b_m_ice,iceland:snow_b_m_ice,iceland:snow_b_r_ice,iceland:snow_b_l_ice,iceland:snow_b_m_ice,iceland:snow_b_m_ice,iceland:snow_b_m_ice,iceland:snow_b_m_ice,iceland:snow_b_m_ice,iceland:snow_b_m_ice,iceland:snow_b_m_ice,iceland:snow_b_m_ice,iceland:snow_b_r_ice,iceland:ice,iceland:ice
