grassland_1:dirt,grassland_1:dirt,grassland_1:dirt,grassland_1:dirt,grassland_1:dirt,grassland_1:dirt,grassland_1:dirt,grassland_1:dirt,grassland_1:dirt,grassland_1:dirt,grassland_1:grass_t_l_dirt,grassland_1:grass_t_m_dirt,grassland_1:grass_t_m_dirt,grassland_1:grass_t_m_dirt,grassland_1:grass_t_m_dirt,grassland_1:grass_t_m_dirt,grassland_1:grass_t_m_dirt,grassland_1:grass_t_m_dirt,grassland_1:grass_t_m_dirt,grassland_1:grass_t_m_dirt,grassland_1:grass_t_m_dirt,grassland_1:grass_t_r_dirt
grassland_1:dirt,grassland_1:dirt,grassland_1:dirt,grassland_1:grass_t_l_dirt,grassland_1:grass_t_m_dirt,grassland_1:grass_t_m_dirt,grassland_1:grass_t_m_dirt,grassland_1:grass_t_m_dirt,grassland_1:grass_t_m_dirt,grassland_1:grass_t_m_dirt,grassland_1:dirt_t_l_grass,grassland_1:grass,grassland_1:grass,grassland_1:grass,grassland_1:dirt_b_r_grass,grassland_1:grass_b_m_dirt,grassland_1:dirt_b_l_grass,grassland_1:grass,grassland_1:dirt_b_r_grass,grassland_1:grass_b_m_dirt,grassland_1:dirt_b_l_grass,grassland_1:grass_m_r_dirt
grassland_1:dirt,grassland_1:dirt,grassland_1:dirt,grassland_1:grass_m_l_dirt,grassland_1:grass,grassland_1:grass_m_m_dirt,grassland_1:grass,grassland_1:grass,grassland_1:grass,grassland_1:grass,grassland_1:grass,grassland_1:grass,grassland_1:grass,grassland_1:grass,grassland_1:grass_m_r_dirt,grassland_1:grass_t_l_dirt,grassland_1:dirt_t_l_grass,grassland_1:grass,grassland_1:dirt_t_r_grass,grassland_1:grass_t_r_dirt,grassland_1:grass_m_l_dirt,grassland_1:grass_m_r_dirt
grassland_1:dirt,grassland_1:dirt,grassland_1:grass_t_l_dirt,grassland_1:dirt_t_l_grass,grassland_1:grass,grassland_1:grass,grassland_1:grass,grassland_1:grass,grassland_1:grass,grassland_1:grass,grassland_1:grass_m_m_dirt,grassland_1:grass,grassland_1:grass,grassland_1:grass,grassland_1:grass_m_r_dirt,grassland_1:grass_m_l_dirt,grassland_1:grass_m_m_dirt,grassland_1:grass,grassland_1:grass_m_m_dirt,grassland_1:grass_m_r_dirt,grassland_1:grass_m_l_dirt,grassland_1:grass_m_r_dirt
grassland_1:dirt,grassland_1:dirt,grassland_1:grass_m_l_dirt,grassland_1:grass,grassland_1:grass_m_m_dirt,grassland_1:grass,grassland_1:dirt_b_r_grass,grassland_1:grass_b_m_dirt,grassland_1:grass_b_m_dirt,grassland_1:grass_b_m_dirt,grassland_1:grass_b_m_dirt,grassland_1:grass_b_m_dirt,grassland_1:grass_b_m_dirt,grassland_1:dirt_b_l_grass,grassland_1:grass_m_r_dirt,grassland_1:grass_m_l_dirt,grassland_1:grass,grassland_1:grass,grassland_1:grass,grassland_1:grass_m_r_dirt,grassland_1:grass_m_l_dirt,grassland_1:grass_m_r_dirt
grassland_1:dirt,grassland_1:grass_t_l_dirt,grassland_1:dirt_t_l_grass,grassland_1:grass,grassland_1:grass,grassland_1:dirt_b_r_grass,grassland_1:grass_b_r_dirt,grassland_1:grass_t_l_dirt,grassland_1:grass_t_m_dirt,grassland_1:grass_t_m_dirt,grassland_1:grass_t_m_dirt,grassland_1:grass_t_m_dirt,grassland_1:grass_t_r_dirt,grassland_1:grass_m_l_dirt,grassland_1:grass_m_r_dirt,grassland_1:grass_m_l_dirt,grassland_1:grass_m_m_dirt,grassland_1:grass,grassland_1:grass_m_m_dirt,grassland_1:grass_m_r_dirt,grassland_1:grass_m_l_dirt,grassland_1:grass_m_r_dirt
grassland_1:dirt,grassland_1:grass_m_l_dirt,grassland_1:grass,grassland_1:grass,grassland_1:dirt_b_r_grass,grassland_1:grass_b_r_dirt,grassland_1:grass_t_l_dirt,grassland_1:dirt_t_l_grass,grassland_1:dirt_b_r_grass,grassland_1:grass_b_m_dirt,grassland_1:grass_b_m_dirt,grassland_1:dirt_b_l_grass,grassland_1:grass_m_r_dirt,grassland_1:grass_m_l_dirt,grassland_1:grass_m_r_dirt,grassland_1:grass_b_l_dirt,grassland_1:dirt_b_l_grass,grassland_1:grass,grassland_1:dirt_b_r_grass,grassland_1:grass_b_r_dirt,grassland_1:grass_m_l_dirt,grassland_1:grass_m_r_dirt
grassland_1:grass_t_l_dirt,grassland_1:dirt_t_l_grass,grassland_1:grass,grassland_1:grass,grassland_1:grass_m_r_dirt,grassland_1:dirt,grassland_1:grass_m_l_dirt,grassland_1:grass,grassland_1:grass_m_r_dirt,grassland_1:dirt,grassland_1:dirt,grassland_1:grass_m_l_dirt,grassland_1:grass_m_r_dirt,grassland_1:grass_m_l_dirt,grassland_1:dirt_t_r_grass,grassland_1:grass_t_m_dirt,grassland_1:dirt_t_l_grass,grassland_1:grass,grassland_1:dirt_t_r_grass,grassland_1:grass_t_m_dirt,grassland_1:dirt_t_l_grass,grassland_1:grass_m_r_dirt
grassland_1:grass_m_l_dirt,grassland_1:grass,grassland_1:grass,grassland_1:grass,grassland_1:grass_m_r_dirt,grassland_1:dirt,grassland_1:grass_m_l_dirt,grassland_1:grass,grassland_1:dirt_t_r_grass,grassland_1:grass_t_m_dirt,grassland_1:grass_t_m_dirt,grassland_1:dirt_t_l_grass,grassland_1:grass_m_r_dirt,grassland_1:grass_b_l_dirt,grassland_1:grass_b_m_dirt,grassland_1:grass_b_m_dirt,grassland_1:dirt_b_l_grass,grassland_1:grass,grassland_1:dirt_b_r_grass,grassland_1:grass_b_m_dirt,grassland_1:grass_b_m_dirt,grassland_1:grass_b_r_dirt
grassland_1:grass_m_l_dirt,grassland_1:grass,grassland_1:grass_m_m_dirt,grassland_1:grass,grassland_1:grass_m_r_dirt,grassland_1:dirt,grassland_1:grass_m_l_dirt,grassland_1:dirt_b_r_grass,grassland_1:grass_b_m_dirt,grassland_1:grass_b_m_dirt,grassland_1:dirt_b_l_grass,grassland_1:grass,grassland_1:dirt_t_r_grass,grassland_1:grass_t_m_dirt,grassland_1:grass_t_m_dirt,grassland_1:grass_t_m_dirt,grassland_1:dirt_t_l_grass,grassland_1:grass,grassland_1:dirt_t_r_grass,grassland_1:grass_t_m_dirt,grassland_1:grass_t_m_dirt,grassland_1:grass_t_r_dirt
grassland_1:grass_m_l_dirt,grassland_1:grass,grassland_1:grass,grassland_1:grass,grassland_1:grass_m_r_dirt,grassland_1:dirt,grassland_1:grass_b_l_dirt,grassland_1:grass_b_r_dirt,grassland_1:grass_t_l_dirt,grassland_1:grass_t_r_dirt,grassland_1:grass_m_l_dirt,grassland_1:grass,grassland_1:grass,grassland_1:grass,grassland_1:grass,grassland_1:grass,grassland_1:grass,grassland_1:grass,grassland_1:grass,grassland_1:dirt_b_r_grass,grassland_1:dirt_b_l_grass,grassland_1:grass_m_r_dirt
grassland_1:grass_m_l_dirt,grassland_1:grass,grassland_1:grass,grassland_1:grass,grassland_1:dirt_t_r_grass,grassland_1:grass_t_m_dirt,grassland_1:grass_t_m_dirt,grassland_1:grass_t_m_dirt,grassland_1:dirt_t_l_grass,grassland_1:grass_m_r_dirt,grassland_1:grass_m_l_dirt,grassland_1:grass,grassland_1:grass,grassland_1:grass,grassland_1:dirt_b_r_grass,grassland_1:grass_b_m_dirt,grassland_1:grass_b_m_dirt,grassland_1:grass_b_m_dirt,grassland_1:grass_b_m_dirt,grassland_1:grass_b_r_dirt,grassland_1:grass_m_l_dirt,grassland_1:grass_m_r_dirt
grassland_1:grass_m_l_dirt,grassland_1:grass,grassland_1:grass_m_m_dirt,grassland_1:grass,grassland_1:grass,grassland_1:grass,grassland_1:grass,grassland_1:grass,grassland_1:grass,grassland_1:dirt_t_r_grass,grassland_1:dirt_t_l_grass,grassland_1:grass,grassland_1:grass,grassland_1:grass,grassland_1:grass_m_r_dirt,grassland_1:dirt,grassland_1:dirt,grassland_1:dirt,grassland_1:dirt,grassland_1:dirt,grassland_1:grass_m_l_dirt,grassland_1:grass_m_r_dirt
grassland_1:grass_b_l_dirt,grassland_1:grass_b_m_dirt,grassland_1:dirt_b_l_grass,grassland_1:grass,grassland_1:grass,grassland_1:grass,grassland_1:grass,grassland_1:grass,grassland_1:grass,grassland_1:grass,grassland_1:grass,grassland_1:grass,grassland_1:grass,grassland_1:grass,grassland_1:dirt_t_r_grass,grassland_1:grass_t_r_dirt,grassland_1:dirt,grassland_1:dirt,grassland_1:dirt,grassland_1:grass_t_l_dirt,grassland_1:dirt_t_l_grass,grassland_1:grass_m_r_dirt
grassland_1:dirt,grassland_1:dirt,grassland_1:grass_m_l_dirt,grassland_1:grass,grassland_1:grass,grassland_1:grass,grassland_1:grass_m_m_dirt,grassland_1:grass,grassland_1:grass,grassland_1:dirt_b_r_grass,grassland_1:dirt_b_l_grass,grassland_1:grass,grassland_1:grass,grassland_1:grass,grassland_1:grass,grassland_1:grass_m_r_dirt,grassland_1:dirt,grassland_1:dirt,grassland_1:grass_t_l_dirt,grassland_1:dirt_t_l_grass,grassland_1:dirt_b_r_grass,grassland_1:grass_b_r_dirt
grassland_1:dirt,grassland_1:dirt,grassland_1:grass_b_l_dirt,grassland_1:grass_b_m_dirt,grassland_1:grass_b_m_dirt,grassland_1:dirt_b_l_grass,grassland_1:grass,grassland_1:grass,grassland_1:grass,grassland_1:grass_m_r_dirt,grassland_1:grass_m_l_dirt,grassland_1:grass,grassland_1:grass,grassland_1:grass,grassland_1:grass,grassland_1:dirt_t_r_grass,grassland_1:grass_t_m_dirt,grassland_1:grass_t_m_dirt,grassland_1:dirt_t_l_grass,grassland_1:dirt_b_r_grass,grassland_1:grass_b_r_dirt,grassland_1:dirt
grassland_1:dirt,grassland_1:dirt,grassland_1:dirt,grassland_1:dirt,grassland_1:dirt,grassland_1:grass_b_l_dirt,grassland_1:grass_b_m_dirt,grassland_1:grass_b_m_dirt,grassland_1:grass_b_m_dirt,grassland_1:grass_b_r_dirt,grassland_1:grass_b_l_dirt,grassland_1:grass_b_m_dirt,grassland_1:grass_b_m_dirt,grassland_1:grass_b_m_dirt,grassland_1:grass_b_m_dirt,grassland_1:grass_b_m_dirt,grassland_1:grass_b_m_dirt,grassland_1:grass_b_m_dirt,grassland_1:grass_b_m_dirt,grassland_1:grass_b_r_dirt,grassland_1:dirt,grassland_1:dirt
