grassland_3:dark,grassland_3:dark,grassland_3:dark,grassland_3:dark,grassland_3:dark,grassland_3:dark,grassland_3:dark,grassland_3:dark,grassland_3:dark,grassland_3:dark,grassland_3:light_t_l_dark,grassland_3:light_t_m_dark,grassland_3:light_t_m_dark,grassland_3:light_t_m_dark,grassland_3:light_t_m_dark,grassland_3:light_t_m_dark,grassland_3:light_t_m_dark,grassland_3:light_t_m_dark,grassland_3:light_t_m_dark,grassland_3:light_t_m_dark,grassland_3:light_t_m_dark,grassland_3:light_t_r_dark
grassland_3:dark,grassland_3:dark,grassland_3:dark,grassland_3:light_t_l_dark,grassland_3:light_t_m_dark,grassland_3:light_t_m_dark,grassland_3:light_t_m_dark,grassland_3:light_t_m_dark,grassland_3:light_t_m_dark,grassland_3:light_t_m_dark,grassland_3:dark_t_l_light,grassland_3:light,grassland_3:light,grassland_3:light,grassland_3:dark_b_r_light,grassland_3:light_b_m_dark,grassland_3:dark_b_l_light,grassland_3:light,grassland_3:dark_b_r_light,grassland_3:light_b_m_dark,grassland_3:dark_b_l_light,grassland_3:light_m_r_dark
grassland_3:dark,grassland_3:dark,grassland_3:dark,grassland_3:light_m_l_dark,grassland_3:light,grassland_3:light_m_m_dark,grassland_3:light,grassland_3:light,grassland_3:light,grassland_3:light,grassland_3:light,grassland_3:light,grassland_3:light,grassland_3:light,grassland_3:light_m_r_dark,grassland_3:light_t_l_dark,grassland_3:dark_t_l_light,grassland_3:light,grassland_3:dark_t_r_light,grassland_3:light_t_r_dark,grassland_3:light_m_l_dark,grassland_3:light_m_r_dark
grassland_3:dark,grassland_3:dark,grassland_3:light_t_l_dark,grassland_3:dark_t_l_light,grassland_3:light,grassland_3:light,grassland_3:light,grassland_3:light,grassland_3:light,grassland_3:light,grassland_3:light_m_m_dark,grassland_3:light,grassland_3:light,grassland_3:light,grassland_3:light_m_r_dark,grassland_3:light_m_l_dark,grassland_3:light_m_m_dark,grassland_3:light,grassland_3:light_m_m_dark,grassland_3:light_m_r_dark,grassland_3:light_m_l_dark,grassland_3:light_m_r_dark
grassland_3:dark,grassland_3:dark,grassland_3:light_m_l_dark,grassland_3:light,grassland_3:light_m_m_dark,grassland_3:light,grassland_3:dark_b_r_light,grassland_3:light_b_m_dark,grassland_3:light_b_m_dark,grassland_3:light_b_m_dark,grassland_3:light_b_m_dark,grassland_3:light_b_m_dark,grassland_3:light_b_m_dark,grassland_3:dark_b_l_light,grassland_3:light_m_r_dark,grassland_3:light_m_l_dark,grassland_3:light,grassland_3:light,grassland_3:light,grassland_3:light_m_r_dark,grassland_3:light_m_l_dark,grassland_3:light_m_r_dark
grassland_3:dark,grassland_3:light_t_l_dark,grassland_3:dark_t_l_light,grassland_3:light,grassland_3:light,grassland_3:dark_b_r_light,grassland_3:light_b_r_dark,grassland_3:light_t_l_dark,grassland_3:light_t_m_dark,grassland_3:light_t_m_dark,grassland_3:light_t_m_dark,grassland_3:light_t_m_dark,grassland_3:light_t_r_dark,grassland_3:light_m_l_dark,grassland_3:light_m_r_dark,grassland_3:light_m_l_dark,grassland_3:light_m_m_dark,grassland_3:light,grassland_3:light_m_m_dark,grassland_3:light_m_r_dark,grassland_3:light_m_l_dark,grassland_3:light_m_r_dark
grassland_3:dark,grassland_3:light_m_l_dark,grassland_3:light,grassland_3:light,grassland_3:dark_b_r_light,grassland_3:light_b_r_dark,grassland_3:light_t_l_dark,grassland_3:dark_t_l_light,grassland_3:dark_b_r_light,grassland_3:light_b_m_dark,grassland_3:light_b_m_dark,grassland_3:dark_b_l_light,grassland_3:light_m_r_dark,grassland_3:light_m_l_dark,grassland_3:light_m_r_dark,grassland_3:light_b_l_dark,grassland_3:dark_b_l_light,grassland_3:light,grassland_3:dark_b_r_light,grassland_3:light_b_r_dark,grassland_3:light_m_l_dark,grassland_3:light_m_r_dark
grassland_3:light_t_l_dark,grassland_3:dark_t_l_light,grassland_3:light,grassland_3:light,grassland_3:light_m_r_dark,grassland_3:dark,grassland_3:light_m_l_dark,grassland_3:light,grassland_3:light_m_r_dark,grassland_3:dark,grassland_3:dark,grassland_3:light_m_l_dark,grassland_3:light_m_r_dark,grassland_3:light_m_l_dark,grassland_3:dark_t_r_light,grassland_3:light_t_m_dark,grassland_3:dark_t_l_light,grassland_3:light,grassland_3:dark_t_r_light,grassland_3:light_t_m_dark,grassland_3:dark_t_l_light,grassland_3:light_m_r_dark
grassland_3:light_m_l_dark,grassland_3:light,grassland_3:light,grassland_3:light,grassland_3:light_m_r_dark,grassland_3:dark,grassland_3:light_m_l_dark,grassland_3:light,grassland_3:dark_t_r_light,grassland_3:light_t_m_dark,grassland_3:light_t_m_dark,grassland_3:dark_t_l_light,grassland_3:light_m_r_dark,grassland_3:light_b_l_dark,grassland_3:light_b_m_dark,grassland_3:light_b_m_dark,grassland_3:dark_b_l_light,grassland_3:light,grassland_3:dark_b_r_light,grassland_3:light_b_m_dark,grassland_3:light_b_m_dark,grassland_3:light_b_r_dark
grassland_3:light_m_l_dark,grassland_3:light,grassland_3:light_m_m_dark,grassland_3:light,grassland_3:light_m_r_dark,grassland_3:dark,grassland_3:light_m_l_dark,grassland_3:dark_b_r_light,grassland_3:light_b_m_dark,grassland_3:light_b_m_dark,grassland_3:dark_b_l_light,grassland_3:light,grassland_3:dark_t_r_light,grassland_3:light_t_m_dark,grassland_3:light_t_m_dark,grassland_3:light_t_m_dark,grassland_3:dark_t_l_light,grassland_3:light,grassland_3:dark_t_r_light,grassland_3:light_t_m_dark,grassland_3:light_t_m_dark,grassland_3:light_t_r_dark
grassland_3:light_m_l_dark,grassland_3:light,grassland_3:light,grassland_3:light,grassland_3:light_m_r_dark,grassland_3:dark,grassland_3:light_b_l_dark,grassland_3:light_b_r_dark,grassland_3:light_t_l_dark,grassland_3:light_t_r_dark,grassland_3:light_m_l_dark,grassland_3:light,grassland_3:light,grassland_3:light,grassland_3:light,grassland_3:light,grassland_3:light,grassland_3:light,grassland_3:light,grassland_3:dark_b_r_light,grassland_3:dark_b_l_light,grassland_3:light_m_r_dark
grassland_3:light_m_l_dark,grassland_3:light,grassland_3:light,grassland_3:light,grassland_3:dark_t_r_light,grassland_3:light_t_m_dark,grassland_3:light_t_m_dark,grassland_3:light_t_m_dark,grassland_3:dark_t_l_light,grassland_3:light_m_r_dark,grassland_3:light_m_l_dark,grassland_3:light,grassland_3:light,grassland_3:light,grassland_3:dark_b_r_light,grassland_3:light_b_m_dark,grassland_3:light_b_m_dark,grassland_3:light_b_m_dark,grassland_3:light_b_m_dark,grassland_3:light_b_r_dark,grassland_3:light_m_l_dark,grassland_3:light_m_r_dark
grassland_3:light_m_l_dark,grassland_3:light,grassland_3:light_m_m_dark,grassland_3:light,grassland_3:light,grassland_3:light,grassland_3:light,grassland_3:light,grassland_3:light,grassland_3:dark_t_r_light,grassland_3:dark_t_l_light,grassland_3:light,grassland_3:light,grassland_3:light,grassland_3:light_m_r_dark,grassland_3:dark,grassland_3:dark,grassland_3:dark,grassland_3:dark,grassland_3:dark,grassland_3:light_m_l_dark,grassland_3:light_m_r_dark
grassland_3:light_b_l_dark,grassland_3:light_b_m_dark,grassland_3:dark_b_l_light,grassland_3:light,grassland_3:light,grassland_3:light,grassland_3:light,grassland_3:light,grassland_3:light,grassland_3:light,grassland_3:light,grassland_3:light,grassland_3:light,grassland_3:light,grassland_3:dark_t_r_light,grassland_3:light_t_r_dark,grassland_3:dark,grassland_3:dark,grassland_3:dark,grassland_3:light_t_l_dark,grassland_3:dark_t_l_light,grassland_3:light_m_r_dark
grassland_3:dark,grassland_3:dark,grassland_3:light_m_l_dark,grassland_3:light,grassland_3:light,grassland_3:light,grassland_3:light_m_m_dark,grassland_3:light,grassland_3:light,grassland_3:dark_b_r_light,grassland_3:dark_b_l_light,grassland_3:light,grassland_3:light,grassland_3:light,grassland_3:light,grassland_3:light_m_r_dark,grassland_3:dark,grassland_3:dark,grassland_3:light_t_l_dark,grassland_3:dark_t_l_light,grassland_3:dark_b_r_light,grassland_3:light_b_r_dark
grassland_3:dark,grassland_3:dark,grassland_3:light_b_l_dark,grassland_3:light_b_m_dark,grassland_3:light_b_m_dark,grassland_3:dark_b_l_light,grassland_3:light,grassland_3:light,grassland_3:light,grassland_3:light_m_r_dark,grassland_3:light_m_l_dark,grassland_3:light,grassland_3:light,grassland_3:light,grassland_3:light,grassland_3:dark_t_r_light,grassland_3:light_t_m_dark,grassland_3:light_t_m_dark,grassland_3:dark_t_l_light,grassland_3:dark_b_r_light,grassland_3:light_b_r_dark,grassland_3:dark
grassland_3:dark,grassland_3:dark,grassland_3:dark,grassland_3:dark,grassland_3:dark,grassland_3:light_b_l_dark,grassland_3:light_b_m_dark,grassland_3:light_b_m_dark,grassland_3:light_b_m_dark,grassland_3:light_b_r_dark,grassland_3:light_b_l_dark,grassland_3:light_b_m_dark,grassland_3:light_b_m_dark,grassland_3:light_b_m_dark,grassland_3:light_b_m_dark,grassland_3:light_b_m_dark,grassland_3:light_b_m_dark,grassland_3:light_b_m_dark,grassland_3:light_b_m_dark,grassland_3:light_b_r_dark,grassland_3:dark,grassland_3:dark
